{"playlist":
    [
	{
	    "0": {"src":"junk/Akon - Angel.mp3", "type":"audio/mp3"},
	    "config": {
		"title": "Akon - Angel",
		"poster": "junk/cover.jpg"
	    }
	},
	{
	    "0": {"src":"junk/Alexandra Stan - Saxobeat.mp3", "type":"audio/mp3"},
	    "config": {
		"title": "Alexandra Stan - Saxobeat",
		"poster": "junk/cover.jpg"
	    }
	},
	{
	    "0": {"src":"junk/Katy Perry - Firework.mp3", "type":"audio/mp3"},
	    "config": {
		"title": "Katy Perry - Firework",
		"poster": "junk/cover.jpg"
	    }
	},
	{
	    "0": {"src":"junk/Rihanna - We found love.mp3", "type":"audio/mp3"},
	    "config": {
		"title": "Rihanna - We found love",
		"poster": "junk/cover.jpg"
	    }
	}

    ]
}